Date,Bus,Ferry,Light Rail,Metro,Train,Unallocated,Total_Trips,Year,Total_Population,Per_Capita_Trips,Population_YoY_Growth,Trips_YoY_Growth,Trips_MoM_Change,Trips_MoM_Pct_Change,Log_Total_Trips,Log_Population,Bus_Proportion,Bus_Per_Capita,Ferry_Proportion,Ferry_Per_Capita,Light Rail_Proportion,Light Rail_Per_Capita,Metro_Proportion,Metro_Per_Capita,Train_Proportion,Train_Per_Capita,Time_Index,Month,Quarter,Season,COVID_Flag,Post_COVID_Recovery
2016-07-01,21198509.0,1213712.0,827732.0,0.0,28819249.0,0.0,52059202.0,2016,15465716.0,3366.103580332136,,,,,17.76789212894606,16.55413626112205,40.72000373728357,1370.6775037120815,2.331407231328671,78.47758228587672,1.5899821130565928,53.52044483423852,0.0,0.0,55.358606918331176,1863.428049499939,0,7,3,3,0,0
2016-08-01,25210772.0,1095055.0,840800.0,0.0,32393980.0,0.0,59540607.0,2016,15465716.0,3849.8448439115264,,,7481405.0,14.370955974315546,17.902169108326945,16.55413626112205,42.342148107425245,1630.1070057150926,1.8391733896834475,70.80532191332105,1.4121454959301976,54.36541056359757,0.0,0.0,54.40653300696111,2094.5671057195154,1,8,3,3,0,0
2016-09-01,23011540.0,1143718.0,758073.0,0.0,30648352.0,0.0,55561683.0,2016,15465716.0,3592.57101320107,,,-3978924.0,-6.682706476270894,17.83300436696831,16.55413626112205,41.41620404119148,1487.9065411520553,2.0584653636211847,73.95182997023869,1.3643809169711436,49.01635333275226,0.0,0.0,55.160949678216184,1981.6962887460238,2,9,3,4,0,0
2016-10-01,23095302.0,1281152.0,776960.0,0.0,30106833.0,0.0,55260247.0,2016,15465716.0,3573.0804186498704,,,-301436.0,-0.5425249627517559,17.82756434722878,16.55413626112205,41.79370027064845,1493.3225205997576,2.318397165325736,82.83819514078753,1.4060016778426632,50.23757063688484,0.0,0.0,54.481900886183155,1946.6821322724406,3,10,4,4,0,0
2016-11-01,24422383.0,1302501.0,705265.0,0.0,31318279.0,0.0,57748428.0,2016,15465716.0,3733.964078998994,,,2488181.0,4.502659932012243,17.871606686216463,16.55413626112205,42.29099188639386,1579.1304456903256,2.255474382783199,84.21860326414891,1.221271339195588,45.60183311267322,0.0,0.0,54.23226239162735,2025.0131969318459,4,11,4,4,0,0
2016-12-01,20880865.0,1506986.0,726521.0,0.0,28189584.0,0.0,51303956.0,2016,15465716.0,3317.270018407166,,,-6444472.0,-11.159562646449873,17.753278422177534,16.55413626112205,40.70030194162805,1350.138913710817,2.9373680267463196,97.44042888153385,1.4161110694855579,46.976227935389474,0.0,0.0,54.94621896214007,1822.7144478794257,5,12,4,1,0,0
2017-01-01,19550895.0,1738083.0,428998.0,0.0,26735422.0,0.0,48453398.0,2017,15710632.0,3084.115139352765,,,-2850558.0,-5.556214807294779,17.696113028000692,16.56984823857604,40.34989455228713,1244.4372065999637,3.587123033146199,110.63100453247202,0.8853826928711996,27.30622167204986,0.0,0.0,55.17759972169547,1701.7407065482787,6,1,1,1,0,0
2017-02-01,22534683.0,1186315.0,740308.0,0.0,28767036.0,0.0,53228342.0,2017,15710632.0,3388.0458787399516,,,4774944.0,9.854714420648069,17.79010155681488,16.56984823857604,42.33587249439405,1434.3587832749186,2.2287280712219064,75.51032956535421,1.3908154418937189,47.12146525995899,0.0,0.0,54.04458399249032,1831.0553006397197,7,2,1,1,0,0
2017-03-01,26811115.0,1216242.0,875062.0,0.0,34566385.0,0.0,63468804.0,2017,15710632.0,4039.86319582815,,,10240462.0,19.23873939188261,17.966059067556976,16.56984823857604,42.24298129203758,1706.558654037597,1.9162831554223079,77.41521792376017,1.3787277289800515,55.69871409374238,0.0,0.0,54.46200782356006,2200.1906097730503,8,3,1,2,0,0
2017-04-01,20723045.0,1408468.0,815237.0,0.0,28745729.0,0.0,51692479.0,2017,15710632.0,3290.286412411671,,,-11776325.0,-18.554509078192183,17.76082285500849,16.56984823857604,40.089091103562666,1319.0459174398586,2.724705851309627,89.6506264038264,1.5770901604467453,51.890783260660676,0.0,0.0,55.609112884680954,1829.6990853073255,9,4,2,2,0,0
2017-05-01,26075384.0,1149830.0,833483.0,0.0,34863010.0,0.0,62921707.0,2017,15710632.0,4005.039835443921,,,11229228.0,21.723136938354216,17.95740176547484,16.56984823857604,41.44099904981917,1659.7285201511945,1.8273979757097183,73.18801687927004,1.324635073870453,53.05216238277365,0.0,0.0,55.40696790060067,2219.0711360306827,10,5,2,2,0,0
2017-06-01,22537074.0,1156147.0,848006.0,0.0,31706870.0,0.0,56248097.0,2017,15710632.0,3580.256796798499,,,-6673610.0,-10.60621257462071,17.845282767365408,16.56984823857604,40.06726485342251,1434.5109732059157,2.055441982330531,73.59010127663865,1.507617226588128,53.97656822462648,0.0,0.0,56.36967593765883,2018.1791540913187,11,6,2,3,0,0
2017-07-01,22201972.0,1308653.0,835146.0,0.0,31070534.0,0.0,55416305.0,2017,15710632.0,3527.312268532545,1.5836059578489659,6.44862554750647,-831792.0,-1.4787913624882298,17.83038442249504,16.56984823857604,40.06397034230268,1413.1813411452829,2.361494509603266,83.29728555795846,1.5070402113601764,53.15801426702631,0.0,0.0,56.06749493673387,1977.6756275622774,12,7,3,3,0,0
2017-08-01,25556220.0,1099455.0,780690.0,0.0,34285607.0,0.0,61721972.0,2017,15710632.0,3928.675307269625,1.5836059578489659,3.6636593241315074,6305667.0,11.378721479174757,17.93815053569412,16.56984823857604,41.40538477934568,1626.6831277061292,1.7813024509327084,69.98158953758194,1.2648494121347906,49.69182652868452,0.0,0.0,55.54846335758683,2182.318763497229,13,8,3,3,0,0
2017-09-01,23158761.0,1197661.0,764215.0,0.0,32067318.0,0.0,57187955.0,2017,15710632.0,3640.0798516571454,1.5836059578489659,2.9269667731267157,-4534017.0,-7.345871904416789,17.861853857252516,16.56984823857604,40.49587190169678,1474.0820738465518,2.094253938613472,76.2325156620052,1.3363216082827232,48.64317361644012,0.0,0.0,56.073552551407026,2041.1220885321484,14,9,3,4,0,0
2017-10-01,24234511.0,1303497.0,852461.0,0.0,32910234.0,0.0,59300703.0,2017,15710632.0,3774.558719216388,1.5836059578489659,7.311686464231704,2112748.0,3.6943933385972683,17.89813171887239,16.56984823857604,40.86715633033895,1542.554812562601,2.198113907688413,82.96910016096106,1.43752258721115,54.26013415628346,0.0,0.0,55.497207174761485,2094.7746723365426,15,10,4,4,0,0
2017-11-01,24886885.0,1267596.0,874986.0,0.0,33457124.0,0.0,60486591.0,2017,15710632.0,3850.041869735094,1.5836059578489659,4.741536860535844,1185888.0,1.9997874224189305,17.917932262072465,16.56984823857604,41.14446621731418,1584.0791764456071,2.0956644754537415,80.68395975413338,1.4465784656305065,55.693876605345984,0.0,0.0,55.31329084160157,2129.584856930008,16,11,4,4,0,0
2017-12-01,21142440.0,1510687.0,879306.0,0.0,29467889.0,0.0,53000322.0,2017,15710632.0,3373.5321405275104,1.5836059578489659,3.3065013543984723,-7486269.0,-12.37674148308342,17.785808546969637,16.56984823857604,39.89115386883876,1345.7408969925589,2.8503355130559394,96.15698464581183,1.6590578449693194,55.96884962998306,0.0,0.0,55.59945277313598,1875.6654092591564,17,12,4,1,0,0
2018-01-01,20776880.0,1676043.0,193720.0,0.0,28186866.0,0.0,50833509.0,2018,15908952.0,3195.2770364760668,1.2623298668061222,4.9121652933402205,-2166813.0,-4.088301576733821,17.744066321075366,16.582392527622726,40.87240957534527,1305.9867174154526,3.2971223765016893,105.35219416087246,0.38108720765273163,12.176792035075598,0.0,0.0,55.449380840500304,1771.7613328646664,18,1,1,1,0,0
2018-02-01,23814721.0,1260438.0,759545.0,0.0,30036091.0,0.0,55870795.0,2018,15908952.0,3511.9092068415316,1.2623298668061222,4.964372176011045,5037286.0,9.909380837746218,17.838552350795343,16.582392527622726,42.62463242200151,1496.9383904106317,2.2559872291060117,79.22822320414318,1.3594669630170826,47.743245438165886,0.0,0.0,53.75991338587539,1887.999347788591,19,2,1,1,0,0
2018-03-01,27060724.0,1384618.0,843889.0,0.0,34967488.0,0.0,64256719.0,2018,15908952.0,4039.029032207778,1.2623298668061222,1.2414209034094847,8385924.0,15.009494674274816,17.978396852147412,16.582392527622726,42.113454314404066,1700.9746462243395,2.1548221284065248,87.03389135877713,1.313308574002977,53.04491458645422,0.0,0.0,54.41841498318642,2197.975580038207,20,3,1,2,0,0
2018-04-01,23064993.0,1482798.0,828957.0,0.0,31512166.0,0.0,56888914.0,2018,15908952.0,3575.9058170519343,1.2623298668061222,10.052593917966291,-7367805.0,-11.466201690129862,17.856611047073716,16.582392527622726,40.54391511147497,1449.8122189318317,2.606479708858566,93.20525952935176,1.4571503333672358,52.10632353407063,0.0,0.0,55.39245484629923,1980.78201505668,21,4,2,2,0,0
2018-05-01,27352355.0,1200186.0,858727.0,0.0,36322565.0,0.0,65733833.0,2018,15908952.0,4131.877008617538,1.2623298668061222,4.469246201473842,8844919.0,15.547702316834533,18.001124312855687,16.582392527622726,41.610771427249645,1719.305897710924,1.8258268919142444,75.44092156416085,1.3063698871781901,53.97759701581852,0.0,0.0,55.257031793657916,2283.1525923266345,22,5,2,2,0,0
2018-06-01,23659601.0,1139702.0,847949.0,0.0,32604345.0,0.0,58251597.0,2018,15908952.0,3661.5609249433905,1.2623298668061222,3.561898280754283,-7482236.0,-11.382625443430328,17.880282066343277,16.582392527622726,40.616227225495635,1487.1879052749673,1.9565163166256196,71.6390369397054,1.455666528764868,53.300116814734245,0.0,0.0,55.971589929113875,2049.4338659139835,23,6,2,3,0,0
2018-07-01,23482840.0,1294271.0,860464.0,0.0,33053594.0,0.0,58691169.0,2018,15908952.0,3689.1914061969637,1.2623298668061222,5.909567590260667,439572.0,0.7546093543152166,17.8877998305505,16.582392527622726,40.01085751077815,1476.0771168333401,2.205222731208506,81.35488748724617,1.466087683480968,54.086780826292014,0.0,0.0,56.31783207453237,2077.672621050085,24,7,3,3,0,0
2018-08-01,26965887.0,1103191.0,867789.0,0.0,35713800.0,0.0,64650667.0,2018,15908952.0,4063.7916941354783,1.2623298668061222,4.744979632212654,5959498.0,10.153994376905317,17.984508980220955,16.582392527622726,41.71014507862695,1695.0134113171,1.7063876541289202,69.34403975824428,1.342273854653348,54.54721341795487,0.0,0.0,55.24119341259078,2244.8870296421787,25,8,3,3,0,0
2018-09-01,24441657.0,1134062.0,847096.0,0.0,33021482.0,0.0,59444297.0,2018,15908952.0,3736.5312938275256,1.2623298668061222,3.9454846741765914,-5206370.0,-8.053080102019672,17.90055024714715,16.582392527622726,41.116908153527326,1536.34614021087,1.9077725824564802,71.28451955854793,1.4250248430055452,53.24649920371876,0.0,0.0,55.55029442101065,2075.654134854389,26,9,3,4,0,0
2018-10-01,25414243.0,1124583.0,827311.0,0.0,34501650.0,0.0,61867787.0,2018,15908952.0,3888.8662810724427,1.2623298668061222,4.328926758254448,2423490.0,4.0769091776794,17.94051019832051,16.582392527622726,41.07831269283965,1597.4806511453426,1.8177197771758025,70.68869149897492,1.3372241680472585,52.00285977354133,0.0,0.0,55.76674336193729,2168.6940786545842,27,10,4,4,0,0
2018-11-01,26630687.0,1264941.0,854268.0,0.0,34803322.0,0.0,63553218.0,2018,15908952.0,3994.808583242944,1.2623298668061222,5.069928639225174,1685431.0,2.724246464480773,17.96738819161118,16.582392527622726,41.90297177398633,1673.943513061074,1.9903649882843069,79.5112713898439,1.3441774104971365,53.69731456855235,0.0,0.0,54.76248582723222,2187.656484223474,28,11,4,4,0,0
2018-12-01,22345538.0,1503646.0,849158.0,0.0,30124456.0,0.0,54822798.0,2018,15908952.0,3446.034534518679,1.2623298668061222,3.4386130710677643,-8730420.0,-13.737180074815413,17.819616687302936,16.582392527622726,40.759572322448776,1404.588938353702,2.7427385227583603,94.51571668580056,1.5489140120137612,53.376111763993,0.0,0.0,54.948775142779105,1893.5537677151833,29,12,4,1,0,0
2019-01-01,22040138.0,1619996.0,625233.0,0.0,29925564.0,0.0,54210931.0,2019,16093496.0,3368.4993614811847,1.1600009856086002,6.644085892240881,-611867.0,-1.1160813061748542,17.808393125042194,16.593925773179468,40.65626174175094,1369.5059171729995,2.9883198279697503,100.66153432417667,1.1533338174915313,38.8500422779488,0.0,0.0,55.202084612787786,1859.4818677060596,30,1,1,1,0,0
2019-02-01,25713814.0,1266715.0,888350.0,0.0,32218764.0,0.0,60087643.0,2019,16093496.0,3733.660045026885,1.1600009856086002,7.547499547840686,5876712.0,10.840455774500523,17.91131477104422,16.593925773179468,42.793846981150516,1597.7767664651608,2.1081123118775023,78.70974709286286,1.478423775084671,55.199317786514506,0.0,0.0,53.619616931887315,2001.974213682347,31,2,1,1,0,0
2019-03-01,28742223.0,1300757.0,1010066.0,0.0,36530266.0,0.0,67583312.0,2019,16093496.0,4199.4177026545385,1.1600009856086002,5.177035260701679,7495669.0,12.474559869156465,18.02887164663196,16.593925773179468,42.52858013232616,1785.9527227645256,1.9246718775782994,80.82501154503657,1.4945494236802126,62.76237307294823,0.0,0.0,54.052198566415335,2269.877595272028,32,3,1,2,0,0
2019-04-01,24442222.0,1432483.0,905526.0,0.0,32810678.0,0.0,59590909.0,2019,16093496.0,3702.7945326484687,1.1600009856086002,4.749598489435036,-7992403.0,-11.826000773682122,17.903013586844104,16.593925773179468,41.01669601985766,1518.7639776963315,2.4038616360089424,89.01005723057315,1.5195707117003365,56.26658123256749,0.0,0.0,55.059871632433065,2038.7539164889965,33,4,2,2,0,0
2019-05-01,28499242.0,1179849.0,912170.0,296104.0,37562121.0,0.0,68449486.0,2019,16093496.0,4253.239072479963,1.1600009856086002,4.131286547674762,8858577.0,14.86565173892549,18.041606600539787,16.593925773179468,41.63543609370566,1770.8546359349145,1.7236783925594417,73.31216287623273,1.3326177496789384,56.67941881614784,0.43258761650891,18.398985528066742,54.87568014754706,2333.9938693246017,34,5,2,2,0,0
2019-06-01,24240764.0,1167062.0,936680.0,1706604.0,32112300.0,0.0,60163410.0,2019,16093496.0,3738.3679717570376,1.1600009856086002,3.2819924233150166,-8286076.0,-12.105388198240085,17.912574918180336,16.593925773179468,40.29153932597903,1506.2460014902915,1.9398202329289511,72.51761829747869,1.5568931348804862,58.2023943088562,2.8366144804624605,106.04308721983091,53.37513282574907,1995.3588704405804,35,6,2,3,0,0
2019-07-01,25323013.0,1258359.0,986972.0,1958820.0,34148122.0,0.0,63675286.0,2019,16093496.0,3956.5850701426216,1.1600009856086002,8.492107219742028,3511876.0,5.837228973557185,17.969307070378406,16.593925773179468,39.76898195635902,1573.493602633014,1.9762125607099748,78.19053113133405,1.5500079575614314,61.327383434898174,3.076264156866135,121.71500834871429,53.62853336850344,2121.858544594661,36,7,3,3,0,0
2019-08-01,26952521.0,1106000.0,989046.0,2084591.934723,34927511.0,0.0,66059669.934723005,2019,16093496.0,4104.743303426614,1.1600009856086002,2.1794097417788594,2384383.9347230047,3.7445987046261564,18.006068981467614,16.593925773179468,40.800265921148544,1674.7461831785959,1.674243908716008,68.72341472604835,1.4972009411753462,61.45625537173526,3.155619664438066,129.53008685763493,52.872669564522035,2170.2873632926,37,8,3,3,0,0
2019-09-01,25626287.0,1156158.0,857368.0,1989977.0,33518338.0,0.0,63148128.0,2019,16093496.0,3923.8291046271115,1.1600009856086002,6.230759192929813,-2911541.9347230047,-4.4074424495309295,17.960993762615928,16.593925773179468,40.581229898058105,1592.3381097556428,1.8308666252149233,71.84007750708733,1.3577092894978613,53.27419225754305,3.1512842312601888,123.65100783571202,53.078909955968925,2082.725717271126,38,9,3,4,0,0
2019-10-01,26664094.0,1340447.0,998665.0,2206919.333467,34998484.0,0.0,66208609.333467,2019,16093496.0,4113.997936400332,1.1600009856086002,7.016288352882261,3060481.333466999,4.846511575872836,18.00832106280591,16.593925773179468,40.27285011485944,1656.824222654916,2.024581113384651,83.29122522539541,1.5083612388988765,62.05395024176226,3.333281510795078,137.13113256852336,52.86092602206196,2174.6974057097354,39,10,4,4,0,0
2019-11-01,27053049.0,1266976.0,976810.0,2047537.0,34137150.0,0.0,65481522.0,2019,16093496.0,4068.818981282874,1.1600009856086002,3.034156350666617,-727087.3334669992,-1.09817641661214,17.997278553935622,16.593925773179468,41.314019854333864,1680.9926817641115,1.9348603412119834,78.72596482454776,1.4917338054543083,60.69594822653823,3.126892804965651,127.22760797281089,52.13249319403419,2121.176778494865,40,11,4,4,0,0
2019-12-01,23199767.0,1457726.0,1683616.0,1922818.0,30275150.0,0.0,58539077.0,2019,16093496.0,3637.436949684519,1.1600009856086002,6.778710929712117,-6942445.0,-10.602143609307069,17.88520507210679,16.593925773179468,39.63124837106673,1441.5616718704252,2.4901759212910037,90.57857907318584,2.8760549128576116,104.61468409349963,3.2846742698044245,119.4779555666463,51.717846524980224,1881.2040590807615,41,12,4,1,0,0
2020-01-01,22130032.0,1522325.0,2180906.0,1865446.0,29399461.0,0.0,57098170.0,2020,16221220.0,3519.9676719753506,0.7936373799701357,5.325935096004897,-1440907.0,-2.461444685914671,17.86028262507588,16.60183081960596,38.75786561986137,1364.2643401667692,2.6661537488854723,93.8477500459275,3.8195725011852395,134.44771724938076,3.267085442493166,115.00035139157228,51.48932268757475,1812.407513121701,42,1,1,1,0,0
2020-02-01,25206493.0,1063308.0,1950759.0,1900095.0,30168810.0,0.0,60289465.0,2020,16221220.0,3716.7034908595037,0.7936373799701357,0.33587937539836243,3191295.0,5.589137094936669,17.91466793664947,16.60183081960596,41.80911706547736,1553.9209134701334,1.763671314714768,65.5504333212915,3.235654852800568,120.25969686620365,3.151620270639323,117.13638061748746,50.03993649636798,1859.8360665843877,43,2,1,1,0,0
2020-03-01,19191569.0,677265.0,1264683.0,1408500.0,22506278.0,0.0,45048295.0,2020,16221220.0,2777.1212646151153,0.7936373799701357,-33.34405540823451,-15241170.0,-25.279988800696774,17.623245694465563,16.60183081960596,42.602209473188715,1183.115018475799,1.5034198297627024,41.75179178878038,2.8073937093512638,77.96472768386101,3.1266444157320494,86.83070693819576,49.96033257196527,1387.459019728479,44,3,1,2,1,0
2020-04-01,5504822.0,91230.0,232032.0,262852.0,6095725.0,0.0,12186661.0,2020,16221220.0,751.2789420277884,0.7936373799701357,-79.54946282158576,-32861634.0,-72.9475643861771,16.315852550892945,16.60183081960596,45.170879866109345,339.3593083627495,0.7486053809160689,5.624114585709337,1.9039833798609809,14.304226192604501,2.156882841001321,16.204206588653626,50.019648532112285,375.7870862980713,45,4,2,2,1,0
2020-05-01,8549735.0,203728.0,443833.0,449327.0,9323674.0,0.0,18970297.0,2020,16221220.0,1169.4741209354167,0.7936373799701357,-72.28569839078119,6783636.0,55.66443507372527,16.758384998088058,16.60183081960596,45.06906244008726,527.0710217850445,1.0739315256898718,12.55935126950994,2.339620723913811,27.361258894213876,2.36858178867732,27.69995105177046,49.14880352163174,574.7825379348778,46,5,2,2,1,0
2020-06-01,12386023.0,377351.0,772279.0,795627.0,13762670.0,0.0,28093950.0,2020,16221220.0,1731.925835418051,0.7936373799701357,-53.30392675548145,9123653.0,48.09441307112905,17.15106480863196,16.60183081960596,44.08786589283458,763.5691396824653,1.3431753099866697,23.26280020861563,2.74891569181265,47.609181060364136,2.8320225528984,49.04853025851323,48.9880205524677,848.4361842080929,47,6,2,3,1,0
2020-07-01,13132371.0,463754.0,994370.0,943774.0,15446904.0,0.0,30981173.0,2020,16221220.0,1909.9163318172123,0.7936373799701357,-51.3450587406863,2887223.0,10.277027616266142,17.248890255373713,16.60183081960596,42.38823042626566,809.5797356795605,1.49688974010119,28.58934161548885,3.209594420456579,61.3005680213942,3.046282334113043,58.18144381248759,49.859003079063534,952.2652426882812,48,7,3,3,1,0
2020-08-01,13107189.0,369977.0,965468.0,948902.0,14385299.0,0.0,29776835.0,2020,16221220.0,1835.6717312261346,0.7936373799701357,-54.924335786987676,-1204338.0,-3.8873221488418097,17.209241300189948,16.60183081960596,44.01807310951617,808.0273247018412,1.2424994127146154,22.808210479852935,3.2423459377062738,59.51882780703301,3.1867120867614034,58.49757293224554,48.31036945330153,886.819795305162,49,8,3,3,1,0
2020-09-01,13690626.0,441991.0,1059605.0,1003812.0,15556289.0,0.0,31752323.0,2020,16221220.0,1957.4559126872084,0.7936373799701357,-49.7177129304609,1975488.0,6.634311537811177,17.27347644598085,16.60183081960596,43.116927224505744,843.9948413251285,1.3919957919299322,27.24770393348959,3.337094422981273,65.32215209460202,3.161381294842585,61.88264507848361,48.99260126574047,959.0085702555048,50,9,3,4,1,0
2020-10-01,14059038.0,560732.0,1277545.0,1052802.0,16502457.0,0.0,33452574.0,2020,16221220.0,2062.272381485486,0.7936373799701357,-49.47398180271028,1700251.0,5.354729479162823,17.325639292250607,16.60183081960596,42.026774980006024,866.7065732417167,1.6761998643213525,34.56780686039644,3.818973690933319,78.75763968431475,3.147147959376758,64.90276317071095,49.33090350536254,1017.3375985283475,51,10,4,4,1,0
2020-11-01,14809745.0,529113.0,1391815.0,1162246.0,17317270.0,0.0,35210189.0,2020,16221220.0,2170.625205749013,0.7936373799701357,-46.22881703940847,1757615.0,5.254050106876673,17.37684605891007,16.60183081960596,42.060964228280625,912.985891320135,1.5027269521330886,32.61856999658472,3.952875686069166,85.80211599374154,3.3008797538689723,71.6497279489459,49.18255337964815,1067.5689004896055,52,11,4,4,1,0
2020-12-01,13391873.0,481290.0,1452246.0,1117564.0,16173796.0,0.0,32616769.0,2020,16221220.0,2010.7469721759524,0.7936373799701357,-44.282057949085875,-2593420.0,-7.365538424119222,17.300337100588617,16.60183081960596,41.05824522349224,825.577422659948,1.4755906693271794,29.67039470520713,4.452452050048244,89.52754478393118,3.4263479623012323,68.89518790818447,49.5873640948311,997.0764221186815,53,12,4,1,1,0
2021-01-01,11567325.0,539271.0,1273629.0,924685.0,13616536.0,0.0,27921446.0,2021,16194124.0,1724.1714340337273,-0.16704045688301639,-51.09922787367791,-4695323.0,-14.395426475258787,17.144905625348294,16.600159018355853,41.42810153886729,714.2914923956369,1.9313863615802704,33.30041192719038,4.561472210285957,78.64760082113735,3.311737508150545,57.10003208571208,48.76730238111593,840.8318968040506,54,1,1,1,1,0
2021-02-01,14964876.0,547260.0,1663207.0,1263058.0,17765453.0,0.0,36203854.0,2021,16194124.0,2235.6166965252332,-0.16704045688301639,-39.9499497963699,8282408.0,29.663248815981813,17.4046761352175,16.600159018355853,41.335035767186554,924.0929611258998,1.5116070239372856,33.793739012990144,4.5940053785434,102.70435128198352,3.4887390718126308,77.99483318764263,49.07061275852013,1097.0308119167173,55,2,1,1,1,0
2021-03-01,17032074.0,609963.0,1816634.0,1546314.0,20925803.0,0.0,41930788.0,2021,16194124.0,2589.2594128586393,-0.16704045688301639,-6.920366242495968,5726934.0,15.818575558281722,17.551530912197162,16.600159018355853,40.61949420077677,1051.7440770491814,1.4546900477997218,37.66569899057214,4.332458526655879,112.17859020963407,3.687777105452919,95.48611582818559,49.90558011931471,1292.184930781066,56,3,1,2,1,0
2021-04-01,15471111.0,926107.0,2147622.0,1454810.0,20552499.0,0.0,40552149.0,2021,16194124.0,2504.1273612577006,-0.16704045688301639,232.7584889741333,-1378639.0,-3.287891942312171,17.518099333422306,16.600159018355853,38.15114952354313,955.3533738533804,2.283743335032627,57.18784171345113,5.295951146756735,132.61736170477636,3.5875040802399893,89.835671259526,50.68165191442752,1269.1331127265669,57,4,2,2,1,0
2021-05-01,16650452.0,660979.0,1999285.0,1607509.0,21038609.0,0.0,41956834.0,2021,16194124.0,2590.867774014822,-0.16704045688301639,121.17120253836826,1404685.0,3.4638978072407456,17.55215188583346,16.600159018355853,39.684719776520794,1028.178615897964,1.575378637959194,40.815977449598385,4.765099768967315,123.4574343138289,3.8313400863373057,99.2649556098249,50.143461730215385,1299.1507907436055,58,5,2,2,1,0
2021-06-01,13859329.0,486379.0,1672701.0,1222024.0,17193476.0,0.0,34433909.0,2021,16194124.0,2126.3211890930315,-0.16704045688301639,22.566990401848088,-7522925.0,-17.93015411982706,17.354552363578232,16.600159018355853,40.24907250582558,855.8245571047869,1.4125001027330357,30.034288980373375,4.85771452785102,103.29061331134676,3.548897106047414,75.46095114499556,49.93181575754295,1061.7107785515288,59,6,2,3,1,0
2021-07-01,5106594.0,80887.0,351491.0,288195.0,5268833.0,0.0,11096000.0,2021,16194124.0,685.1867998540705,-0.16704045688301639,-64.18470017258547,-23337909.0,-67.77595015425058,16.222095240976806,16.600159018355853,46.02193583273252,315.3362293631937,0.7289744051910598,4.9948363986838675,3.1677271088680605,21.704848005362933,2.59728731074261,17.79626980749314,47.48407534246575,325.3546162793369,60,7,3,3,1,0
2021-08-01,4287197.0,59618.0,286466.0,207618.0,4245889.0,0.0,9086788.0,2021,16194124.0,561.1163654174811,-0.16704045688301639,-69.48370100448888,-2009212.0,-18.10753424657534,16.02233204837342,16.600159018355853,47.18055488914234,264.7378147777552,0.6560954211763276,3.6814587809751242,3.1525551162853147,17.689502686283,2.2848337608404643,12.820576154659554,46.72596081255555,262.18701301780817,61,8,3,3,1,0
2021-09-01,4657167.0,82924.0,350163.0,217420.0,4592053.0,0.0,9899727.0,2021,16194124.0,611.3159933813031,-0.16704045688301639,-68.82203862690614,812939.0,8.946384575055566,16.108017738967025,16.600159018355853,47.04338816615852,287.5837556881743,0.8376392601533356,5.120622764158161,3.5370975381442333,21.622842952172036,2.1962221786519973,13.425857428286951,46.38565285689191,283.56291454851157,62,9,3,4,1,0
2021-10-01,8399539.0,332483.0,845402.0,582177.0,9256566.0,0.0,19416167.0,2021,16194124.0,1198.9637105409345,-0.16704045688301639,-41.95912398250729,9516440.0,96.12830737655696,16.781616627505272,16.600159018355853,43.26054158887282,518.6781946340537,1.7124028650969059,20.531088930775137,4.35411376509071,52.20424395910517,2.9984136415802354,35.94989145445595,47.67452813935933,571.6002915625445,63,10,4,4,1,0
2021-11-01,12436572.0,441196.0,1020639.0,1008021.0,14568385.0,0.0,29474813.0,2021,16194124.0,1820.0930782054033,-0.16704045688301639,-16.28896681014691,10058646.0,51.805518566048605,17.199046660007955,16.600159018355853,42.193896191979235,767.9681840153874,1.4968576730240835,27.24420289729781,3.4627497042983784,63.02526768351285,3.4199402723946033,62.2460961766132,49.426556158303704,899.6093274325923,64,11,4,4,1,0
2021-12-01,11147012.0,632380.0,1306423.0,1032122.0,13901180.0,0.0,28019117.0,2021,16194124.0,1730.2026957432215,-0.16704045688301639,-14.09597621395301,-1455696.0,-4.938779424995843,17.14839758517173,16.600159018355853,39.78359489344365,688.3368313099245,2.2569590612009653,39.049966518720005,4.66261302952552,80.67265632892523,3.6836349982049756,63.734352040283255,49.613198017624896,858.4088895453684,65,12,4,1,1,0
2022-01-01,8262084.0,626748.0,1018104.0,649142.0,10056456.0,0.0,20612534.0,2022,16364196.0,1259.6117768327879,1.0502080878224795,-26.176695863101074,-7406583.0,-26.434034305934762,16.841409895333168,16.610606335471306,40.08281563052849,504.8878661683104,3.0406159669645665,38.299956808143826,4.939247159034401,62.21533890207621,3.1492586015867823,39.668432228506674,48.78806264188576,614.5401827257507,66,1,1,1,0,1
2022-02-01,11961561.0,519132.0,1370087.0,940772.0,12728685.0,0.0,27520237.0,2022,16364196.0,1681.7347457828052,1.0502080878224795,-23.985338687975045,6907703.0,33.512148482083774,17.13043218291094,16.610606335471306,43.464600250353946,730.9592845258024,1.8863645687353638,31.72364838455858,4.978470933953076,83.72467550498662,3.418473467361491,57.48965607598442,46.252090779596124,777.8374812914731,67,2,1,1,0,1
2022-03-01,14406455.0,636869.0,1975493.0,1318667.0,16195769.0,0.0,34533253.0,2022,16364196.0,2110.2932890806246,1.0502080878224795,-17.64225132139181,7013016.0,25.483123564669885,17.357433272864014,16.610606335471306,41.71763082962384,880.3643637609816,1.8442195410898592,38.91844121153279,5.720552882753328,120.72044358305169,3.818542666687091,80.58244963577802,46.89905407984588,989.7075908892805,68,3,1,2,0,1
2022-04-01,12613718.0,1087442.0,2169889.0,1338485.0,17332149.0,0.0,34541683.0,2022,16364196.0,2110.8084381291937,1.0502080878224795,-14.82157209473658,8430.0,0.0244112536979868,17.357677355610377,16.610606335471306,36.51738104365094,770.8119604531747,3.1482021301625633,66.45251621283441,6.281943471023112,132.5997928648618,3.874984898680241,81.79350821757451,50.17748845648315,1059.1506603807484,69,4,2,2,0,1
2022-05-01,15211577.0,855857.0,2214599.0,1563313.0,19986279.0,0.0,39831625.0,2022,16364196.0,2434.0716158618484,1.0502080878224795,-5.065227276204876,5289942.0,15.314661998374547,17.500171752718767,16.610606335471306,38.189697256890724,929.5645811135481,2.14868712988737,52.30058354226508,5.559901209152275,135.33197720193525,3.9248034696048677,95.53252723201311,50.17691093446476,1221.3419467720869,70,5,2,2,0,1
2022-06-01,14978132.0,1079151.0,2445658.0,1520993.0,20362330.0,0.0,40386264.0,2022,16364196.0,2467.9650622615372,1.0502080878224795,17.286317972205833,554639.0,1.3924588816047523,17.514000285118275,16.610606335471306,37.0871938043093,915.2989856635792,2.6720743468620913,65.94586131820958,6.055667837955994,149.45176652736254,3.766114637392555,92.94639345556604,50.41894937348005,1244.32205529682,71,6,2,3,0,1
2022-07-01,13854145.0,779902.0,2288364.0,1337142.0,17419202.0,0.0,35678755.0,2022,16364196.0,2180.29379506332,1.0502080878224795,221.5460976928623,-4707509.0,-11.656213112458236,17.390065971569534,16.610606335471306,38.83023664923286,846.6132402716272,2.1859002647373766,47.659047838341706,6.41380003310093,139.83968414946875,3.7477260627507882,81.71143880212631,48.82233699017805,1064.470384001756,72,7,3,3,0,1
2022-08-01,16401830.0,880745.0,2349926.0,1602557.0,18491759.0,0.0,39726817.0,2022,16364196.0,2427.666901569744,1.0502080878224795,337.193175410277,4048062.0,11.345861143417135,17.497537008799817,16.610606335471306,41.286544552512225,1002.2997769031854,2.2170036929965975,53.821464861457294,5.915213393511995,143.60167771151117,4.0339426136254515,97.93068965930254,46.547295747353736,1130.0132924342877,73,8,3,3,0,1
2022-09-01,15487181.0,943631.0,2499533.0,1505064.0,18864712.0,0.0,39300121.0,2022,16364196.0,2401.591926667219,1.0502080878224795,296.9818662676254,-426696.0,-1.07407547903976,17.486738155715155,16.610606335471306,39.40746391086175,946.4064717875538,2.4010892994451596,57.66436676754544,6.360115278016575,152.7440150435744,3.8296675982244435,91.97298785714862,48.00166391345208,1152.804085211397,74,9,3,4,0,1
2022-10-01,16582591.0,1002221.0,2572693.0,1517018.0,20410519.0,0.0,42085042.0,2022,16364196.0,2571.7757230480497,1.0502080878224795,116.75257531519993,2784921.0,7.0862911592562305,17.555202938607593,16.610606335471306,39.402576811019934,1013.3459046811711,2.381418557215649,61.244744318633195,6.113081697768057,157.21475103329243,3.6046488916418333,92.70348509636527,48.49827404235453,1247.2668379185875,75,10,4,4,0,1
2022-11-01,17776421.0,1160231.0,2646133.0,1396840.0,17505310.0,0.0,40484935.0,2022,16364196.0,2473.9947504906445,1.0502080878224795,37.35434046689288,-1600107.0,-3.802080083465287,17.51644048756815,16.610606335471306,43.90873049444195,1086.2996874395785,2.865833920691734,70.90058075569371,6.5360929936036705,161.70259754894158,3.450271069967137,85.35952514868436,43.239071521295514,1069.7323595977462,76,11,4,4,0,1
2022-12-01,16228613.0,1361021.0,2834065.0,1577220.0,20733372.0,0.0,42734291.0,2022,16364196.0,2611.450693941823,1.0502080878224795,52.51833596326394,2249356.0,5.556032138868439,17.57051222382804,16.610606335471306,37.975622433983986,991.7146555810014,3.1848451633373305,83.17066111894529,6.631828757846948,173.18693811782748,3.690759722677978,96.38237038959934,48.51694392215376,1266.9960687344492,77,12,4,1,0,1
2023-01-01,15530621.0,1509860.0,2787315.0,1407997.0,19728426.0,0.0,40964219.0,2023,16712774.0,2451.072395282794,2.1301260385783616,98.73451269989415,-1770072.0,-4.142041340992408,17.528209536320777,16.63168389517193,37.91265006175267,929.2664999837849,3.685801992221553,90.34167517612576,6.804267402241942,166.77751999757788,3.4371386404315434,84.24675640321588,48.16014190335229,1180.4399437220893,78,1,1,1,0,1
2023-02-01,18499752.0,1186196.0,2999204.0,1704904.0,22424602.0,0.0,46814658.0,2023,16712774.0,2801.130321034677,2.1301260385783616,70.10993764334223,5850439.0,14.281827269793679,17.661706916977593,16.63168389517193,39.51700768592607,1106.9228842560785,2.5338132343079383,70.97541078458907,6.406548991557302,179.4557863344529,3.6418166293129812,102.01202984016896,47.90081345889571,1341.7642098193871,79,2,1,1,0,1
2023-03-01,21217015.0,1259118.0,3348256.0,2115072.0,25769207.0,0.0,53708668.0,2023,16712774.0,3213.6297660699533,2.1301260385783616,55.52739268437874,6894010.0,14.72617828373326,17.799084961723068,16.63168389517193,39.503893486987984,1269.5088798544157,2.344347843443073,75.33866011710563,6.234107313925566,200.34112828905603,3.9380459035029505,126.55421535646924,47.979605452140426,1541.886882452907,80,3,1,2,0,1
2023-04-01,16645978.0,1234188.0,2716626.0,1639178.0,21339437.0,0.0,43575407.0,2023,16712774.0,2607.3114493141593,2.1301260385783616,26.15310898429588,-10133261.0,-18.867086780107822,17.590003489544753,16.63168389517193,38.200395925160265,996.0032966400431,2.8323040103790653,73.84698674199747,6.234310100649203,162.54788103997578,3.761704394407607,98.0793493647434,48.97128556940386,1276.8339355273997,81,4,2,2,0,1
2023-05-01,20094783.0,1108241.0,3079149.0,2032993.0,25759108.0,0.0,52074274.0,2023,16712774.0,3115.8366648169836,2.1301260385783616,30.736001857820263,8498867.0,19.503815535216916,17.7681816035835,16.63168389517193,38.588695446815066,1202.3607212064258,2.1281928961698053,66.31101455688925,5.912994581547118,184.2392531604867,3.9040256230936605,121.64306176820197,49.46609145237436,1541.28261412498,82,5,2,2,0,1
2023-06-01,18585922.0,1238419.0,3229628.0,1901750.0,24937574.0,0.0,49893293.0,2023,16712774.0,2985.3388192767998,2.1301260385783616,23.540253686253322,-2180981.0,-4.188212014247183,17.725397142870438,16.63168389517193,37.25134358239293,1112.078820667353,2.4821352240670906,74.10014639101803,6.473070438545718,193.24308460103632,3.8116345617836846,113.7902062218995,49.98181619321058,1492.1265613954931,83,6,2,3,0,1
2023-07-01,18440204.0,1262930.0,3004817.0,1915901.0,24344161.0,0.0,48968013.0,2023,16712774.0,2929.975179464522,2.1301260385783616,37.2469779284619,-925280.0,-1.8545178006190155,17.706677846992505,16.63168389517193,37.65765214937351,1103.359861145732,2.5790917838549015,75.5667491225574,6.1362853338566135,179.79163722312046,3.912556141495878,114.63692382844404,49.7144145914191,1456.6200081446682,84,7,3,3,0,1
2023-08-01,20709001.0,1147408.0,3278780.0,2188777.0,27241917.0,0.0,54565883.0,2023,16712774.0,3264.9207725779097,2.1301260385783616,37.3527685341617,5597870.0,11.431687048441198,17.814919391932982,16.63168389517193,37.95228787922299,1239.1121306373195,2.102793791497885,68.65455130309307,6.008846223564274,196.18406854541323,4.011255531226353,130.96431508018955,49.924816574488496,1630.0057070118942,85,8,3,3,0,1
2023-09-01,19639947.0,1287188.0,3559211.0,2016513.0,25514443.0,0.0,52017302.0,2023,16712774.0,3112.4277753052843,2.1301260385783616,32.35913955582988,-2548581.0,-4.670649240661973,17.767086951972324,16.63168389517193,37.75656607488024,1175.1458495160648,2.4745381834682623,77.01821373280103,6.842359874797044,212.96350922952706,3.876619744714941,120.65698967747663,49.049916122139514,1526.643213149415,86,9,3,4,0,1
2023-10-01,20416242.0,1500055.0,3590182.0,2033414.0,26105313.0,0.0,53645206.0,2023,16712774.0,3209.8325508380594,2.1301260385783616,27.46858135486714,1627904.0,3.129543320028394,17.797902666105262,16.63168389517193,38.05790586394617,1221.5950505882506,2.7962517284396298,89.75499818282711,6.692456358542084,214.81664264711532,3.7904859569371396,121.66825208071383,48.66290009213498,1561.9976073391526,87,10,4,4,0,1
2023-11-01,20648037.0,1406882.0,3519122.0,2018306.0,26327146.0,0.0,53919493.0,2023,16712774.0,3226.2443685291264,2.1301260385783616,33.18409181094153,274287.0,0.5112982509564823,17.80300262170513,16.63168389517193,38.29419723957716,1235.464381915294,2.6092270563449103,84.18004096746597,6.526622941354438,210.56480510057756,3.7431843062767673,120.76427288492025,48.82676845644672,1575.2708676608681,88,11,4,4,0,1
2023-12-01,18370905.0,1771792.0,3494550.0,1619484.0,23553938.0,0.0,48810669.0,2023,16712774.0,2920.5605843769563,2.1301260385783616,14.218974640295311,-5108824.0,-9.474911049330526,17.703459473977144,16.63168389517193,37.63706864988882,1099.213392103549,3.6299277110911956,106.0142379715061,7.1593978767224025,209.0945524662752,3.3178893737350745,96.90096928253801,48.25571638856251,1409.3374325530879,89,12,4,1,0,1
2024-01-01,17942890.0,1903628.0,3284762.0,1620896.85,22971216.69,1.0,47723394.54,2024,16984100.0,2809.8865727356765,1.6234647820882353,16.500193839897204,-1087274.460000001,-2.2275344351457282,17.680932287198836,16.647788170242386,37.59768175116069,1056.4522111857561,3.988878030049704,112.08294816916998,6.882917763209055,193.40218204084997,3.3964408140360254,95.43613438451258,48.134079546136164,1352.5130380767896,90,1,1,1,0,1
2024-02-01,20836270.0,1596741.0,3767433.0,1998977.73,27032936.66,3.0,55232361.39,2024,16984100.0,3252.004014931613,1.6234647820882353,17.98091399065651,7508966.8500000015,15.734351930280788,17.827059596531004,16.647788170242386,37.724749541076974,1226.8103696987182,2.890951898154938,94.01387179774024,6.821060887471138,221.8211739214913,3.6192146772162475,117.69700661206659,48.94401756448241,1591.6614162658016,91,2,1,1,0,1
2024-03-01,21512562.0,1735521.0,3938991.0,2044494.73,28746090.19,4.0,57977662.92,2024,16984100.0,3413.6435207046593,1.6234647820882353,7.948428212742131,2745301.530000001,4.9704583706193795,17.875568372263178,16.647788170242386,37.1049140592023,1266.6294946449914,2.993430422324446,102.18504365848058,6.793980304854965,231.92226847463215,3.526348988611492,120.37698376717047,49.581319325798034,1692.5294946449915,92,3,1,2,0,1
2024-04-01,19441061.0,1553305.0,3554893.0,1913768.74,25476291.28,10.0,51939329.02,2024,16984100.0,3058.1148850984155,1.6234647820882353,19.194134021513555,-6038333.8999999985,-10.414931537223126,17.765586845748086,16.647788170242386,37.43032758954959,1144.662419557115,2.990614298082051,91.4564210055287,6.844318298049511,209.30711665616664,3.684623533090069,112.68002072526657,49.05009702799584,1500.0083183683564,93,4,2,2,0,1
2024-05-01,21207587.0,1240577.0,3532389.0,2235249.19,28455819.33,41.0,56671662.52,2024,16984100.0,3336.7480478800762,1.6234647820882353,8.828521584381566,4732333.5,9.11127191916119,17.852784864578023,16.647788170242386,37.42185433948691,1248.6729941533551,2.189060537199148,73.04343474190567,6.233078125691803,207.98211268186125,3.944209664241203,131.60833897586565,50.21172498681798,1675.4387533045613,94,5,2,2,0,1
2024-06-01,18473978.0,1234210.0,3053729.0,1881839.01,25499626.97,46.0,50143428.98,2024,16984100.0,2952.374808202966,1.6234647820882353,0.5013418937892089,-6528233.540000007,-11.519396555017469,17.730398036469342,16.647788170242386,36.84227101295457,1087.7219281563343,2.4613593946522325,72.66855470704954,6.089988383558687,179.7992828586737,3.7529124917854797,110.8000429813767,50.85337698020348,1501.3822910840138,95,6,2,3,0,1
2024-07-01,19732454.0,1334743.0,3210288.0,2138106.14,26851279.79,49.0,53266919.93,2024,16984100.0,3136.2815768866176,1.6234647820882353,8.779010351104088,3123490.950000003,6.229113192968572,17.790826057247823,16.647788170242386,37.04448093850956,1161.81923092775,2.5057634302002714,78.58779682173326,6.0267948742273,189.0172573171378,4.013947385750412,125.8886923652122,50.40892138176235,1580.9657144034713,96,7,3,3,0,1
2024-08-01,21083884.0,1308704.0,3574271.0,3997761.76,27875869.61,0.0,57840490.37,2024,16984100.0,3405.566993246625,1.6234647820882353,6.001199265848944,4573570.439999998,8.586136472711935,17.873199613821722,16.647788170242386,36.451772564735265,1241.3895349179527,2.2626087566484094,77.05465700272609,6.17953094300504,210.4480661324415,6.9117010150272,235.38260843965824,48.19438672058409,1641.2921267538463,97,8,3,3,0,1
2024-09-01,20151937.0,1390446.0,3483786.0,5334619.97,24415387.13,0.0,54776176.1,2024,16984100.0,3225.1444645285887,1.6234647820882353,5.303762390444633,-3064314.269999996,-5.2978704889911405,17.818765914689507,16.647788170242386,36.78960167502455,1186.5178019441714,2.5384137758385803,81.86751137828911,6.36003870303024,205.1204361726556,9.738941908360047,314.0949458611289,44.57300393774658,1437.5437691723434,98,9,3,4,0,1
2024-10-01,20976366.0,1602163.0,3868183.0,5907548.66,26080943.92,0.0,58435204.58,2024,16984100.0,3440.5829322719487,1.6234647820882353,8.929033807792619,3659028.4799999967,6.679963335374195,17.883429084327265,16.647788170242386,35.89679569151258,1235.0590257947138,2.741777001578866,94.33311155728003,6.619610605973514,227.75319269198837,10.109571280635022,347.8281840073952,44.63224542030002,1535.6094182205711,99,10,4,4,0,1
2024-11-01,20694742.0,1529651.0,2825853.0,5470445.93,25050088.54,0.0,55570780.47,2024,16984100.0,3271.9296559723507,1.6234647820882353,3.062505558054851,-2864424.1099999994,-4.901880862038388,17.833168089965827,16.647788170242386,37.2403299449287,1218.477399450074,2.7526174494270155,90.06370664327224,5.085141824714055,166.3822634110727,9.84410491220873,322.0921879875884,45.0778058687215,1474.9140984803432,100,11,4,4,0,1
2024-12-01,18916955.0,1850976.0,3483253.0,5313819.2700000005,22048235.73,0.0,51613239.0,2024,16984100.0,3038.9151618278274,1.6234647820882353,5.741716017045362,-3957541.469999999,-7.121622976190666,17.75928876731084,16.647788170242386,36.65136187248392,1113.8037929592972,3.5862426692500353,108.98287221577829,6.748758782606144,205.08905387980522,10.295457857236979,312.87022980316885,42.71817881842293,1298.1692129697776,101,12,4,1,0,1
2025-01-01,18014754.0,1859993.0,3478325.0,5117033.44,19944875.61,0.0,48414981.05,2025,17185048.0,2817.273542093103,1.1831536554777644,1.4491561563591882,-3198257.950000003,-6.19658446547019,17.69531984962007,16.65955026139572,37.209048954073694,1048.2806914475887,3.8417716162671103,108.23321529273588,7.184398144053389,202.4041480710441,10.569111727453626,297.7607883318104,41.19566955815219,1160.5946989499244,102,1,1,1,0,1
2025-02-01,20566451.0,1566597.0,3557327.0,5715461.7,22191955.130000003,0.0,53597791.83,2025,17185048.0,3118.861921712409,1.1831536554777644,-2.959441745498037,5182810.780000001,10.704973269838769,17.79701842799091,16.65955026139572,38.37182521480009,1196.7642452904408,2.9228760113269017,91.16046693614123,6.637077533498081,207.00128390680084,10.663614124492563,332.5834004071446,41.40460711588238,1291.352525171882,103,2,1,1,0,1
2025-03-01,22721536.0,1577871.0,4282738.0,6290733.31,25784475.34,0.0,60657353.650000006,2025,17185048.0,3529.6586689778233,1.1831536554777644,4.621936440759189,7059561.820000008,13.171366914501492,17.920751433325165,16.65955026139572,37.45883167126925,1322.1688993827659,2.601285590374581,91.81650234552735,7.060542114500901,249.2130368213112,10.370932675860315,366.05852424735735,42.50840794799494,1500.4017061808615,104,3,1,2,0,1
2025-04-01,19486760.0,1662230.0,4037864.0,5904251.07,23173176.0,0.0,54264281.07,2025,17185048.0,3157.6450103601687,1.1831536554777644,4.476284337644687,-6393072.580000006,-10.539649680216478,17.80937676127177,16.65955026139572,35.910841562357405,1133.936896772124,3.063212056298602,96.72536265246394,7.441108442570582,234.96378945231925,10.880547855012797,343.56907644366197,42.70429008376062,1348.4498850395996,105,4,2,2,0,1
2025-05-01,21087224.0,1329564.0,3848686.0,6324356.62,24026648.87,630.0,56617109.49,2025,17185048.0,3294.5563777302223,1.1831536554777644,-0.09626156631764582,2352828.420000002,4.335869514174329,17.851821785302846,16.65955026139572,37.245320698903804,1227.06808849181,2.348343128034175,77.36748829563933,6.797743711518467,223.95549898958674,11.170398271775142,368.0150686806345,42.437081451930545,1398.113573497147,106,5,2,2,0,1
2025-06-01,19212256.0,1320642.0,3772030.0,6194726.930000001,23472766.87,0.0,53972421.8,2025,17185048.0,3140.661684506206,1.1831536554777644,7.63608093400876,-2644687.690000005,-4.671181050786643,17.803983766665695,16.65955026139572,35.596431212949575,1117.9634761567147,2.4468829745935174,76.8483160477643,6.988809977765349,219.49487717462296,11.477578221253731,360.4719015041448,43.49029761343783,1365.8831136229587,107,6,2,3,0,1
2025-07-01,19480085.0,1419625.0,4015116.0,6123208.77,23033377.97,0.0,54071412.74,2025,17185048.0,3146.4219791530404,1.1831536554777644,1.5103047276944448,98990.94000000507,0.18341022451582312,17.805816188999103,16.65955026139572,36.026587826859874,1133.5484777231927,2.6254631200893606,82.60814866504883,7.425579981249071,233.64008060960902,11.324299587738123,356.3102512137295,42.59806948406356,1340.3150209414603,108,7,3,3,0,1
2025-08-01,20083050.0,1266292.0,3816261.0,6208252.67,24248540.58,0.0,55622396.25,2025,17185048.0,3236.6738952373016,1.1831536554777644,-3.834846671961223,1550983.509999998,2.8683983484171893,17.834096488366338,16.65955026139572,36.10604963823363,1168.63508324213,2.276586564714928,73.68568304260774,6.861015089762517,222.06868435863547,11.161426131474874,361.25896593364183,43.594922575814046,1411.0254786602866,109,8,3,3,0,1
2025-09-01,20722046.0,1464752.0,3866926.0,6312105.79,25238134.57,0.0,57603964.36,2025,17185048.0,3351.981580732274,1.1831536554777644,5.1624418886735635,1981568.1099999994,3.562536394681115,17.869101948992185,16.65955026139572,35.973298418310456,1205.8183369636208,2.542797212438245,85.23409419630366,6.712951170918334,225.01688677273407,10.957762820892073,367.3021914166315,43.81319037744089,1468.6100713829837,110,9,3,4,0,1
2025-10-01,21234855.0,1680764.0,4230210.0,6633677.77,25813735.68,0.0,59593242.45,2025,17185048.0,3467.7379108862547,1.1831536554777644,1.9817469252026099,1989278.0900000036,3.4533701145425866,17.903052743895977,16.65955026139572,35.63299147183759,1235.658754051778,2.820393606557315,97.80385833080011,7.098472622209198,246.15642621422995,11.1315939480316,386.01450342181175,43.31654835136429,1502.1043688676343,111,10,4,4,0,1
2025-11-01,21014985.0,1634142.0,3727469.0,5854155.16,25240627.49,33.0,57471411.65,2025,17185048.0,3344.2683226721274,1.1831536554777644,3.420198823779441,-2121830.8000000045,-3.560522490079754,17.866798193432643,16.65955026139572,36.56598019199691,1222.8644924355171,2.843399793190916,95.09091857060858,6.485779438828175,216.90186725111272,10.18620387411347,340.65398944477784,43.91857928201769,1468.7551346961613,112,11,4,4,0,1
2025-12-01,19359880.0,1851053.0,4007331.0,5278471.17,22804949.56,0.0,53301684.73,2025,17185048.0,3101.631414122323,1.1831536554777644,3.271342319748616,-4169726.920000002,-7.2553062475541275,17.791478497079314,16.65955026139572,36.32132848720934,1126.5537343858452,3.4727851650027954,107.71299562270643,7.518207014091879,233.18707052782162,9.903010001912936,307.1548691630073,42.78466933178306,1327.0227444229427,113,12,4,1,0,1
